client_id,full_name,email,city,province,risk_profile,date_joined
1,Jessica Smith,garciamichael@johnson.com,Gilbertberg,British Columbia,Medium,2022-02-11
2,Sarah Gordon,contrerasrita@guzman.net,West Madisonland,Quebec,Low,2023-02-17
3,Mr. David Mahoney,davidchad@yahoo.com,Lake Thomas,Nova Scotia,Low,2021-12-24
4,Kevin Martin,anthonyreed@krueger.com,Williamsview,Quebec,Low,2020-11-24
5,Christopher Blevins,ywilliams@simpson-aguilar.info,Williamsfort,Prince Edward Island,High,2022-01-02
6,Richard Briggs,david26@yahoo.com,New Dakotafort,Nova Scotia,Low,2022-09-24
7,Haley Park,teresa57@jones.com,East Williamland,Yukon Territory,High,2023-04-03
8,Joel Richards,gherring@lee-tanner.info,Port Lauren,New Brunswick,High,2024-12-09
9,Jennifer Cisneros,bruce58@porter.info,Dominicton,Prince Edward Island,Low,2021-12-17
10,Sarah Jones,aaronleonard@hotmail.com,Port Lauraborough,Alberta,Low,2024-03-28
11,Frederick Bonilla,amanda46@yahoo.com,Port Amanda,Yukon Territory,Medium,2022-10-09
12,James Cunningham,thill@hood.info,Port Tracy,Nova Scotia,Low,2023-03-06
13,John Evans,richardwoods@yahoo.com,Dianastad,New Brunswick,Low,2021-12-30
14,Tara Ellis,solisjessica@hotmail.com,North Michaelfort,British Columbia,Low,2021-10-01
15,Stephanie Rivera,kenneth95@hotmail.com,Annahaven,Saskatchewan,Low,2022-12-06
16,Michael Harris,stephen18@hotmail.com,Port Johnstad,Manitoba,Medium,2020-10-19
17,Matthew Williams,vickiblack@kerr-solomon.com,Helenshire,New Brunswick,High,2023-07-08
18,Marissa Shepherd,franciscoporter@hotmail.com,New Cindy,British Columbia,High,2021-10-18
19,Sara Barker,david89@hotmail.com,Williamsland,Northwest Territories,Medium,2024-01-12
20,Lindsey Jones,michaelayers@hammond.com,Shafferport,Nova Scotia,High,2023-06-15
21,Michael Curtis,brittany62@fowler.com,New Tara,Quebec,Medium,2022-09-22
22,Amber Sloan,carla54@yahoo.com,Osbornebury,Newfoundland and Labrador,Low,2020-08-19
23,Lauren Adams,amandawatkins@white.com,South Victoria,Manitoba,Low,2020-08-02
24,Kimberly Ortiz,uhill@gomez.org,Morenoshire,Nunavut,Low,2024-08-22
25,Misty Lara,reevesallison@yahoo.com,North Kristen,Nunavut,High,2021-05-19
26,Bonnie Carrillo,rogerssue@boyd.org,Lowemouth,Northwest Territories,Low,2024-04-24
27,Ashley Burnett,jonesgregory@yahoo.com,South Joseph,New Brunswick,Low,2022-10-23
28,Wesley Stewart,brownerin@morris-parker.org,Espinozaburgh,Nova Scotia,High,2023-11-30
29,Kyle Dorsey,ericmccall@gmail.com,Lawsonchester,Ontario,Medium,2023-06-03
30,Rhonda Graham,sedwards@gmail.com,South Eric,New Brunswick,Low,2025-06-17
31,Tammy Gomez,bhardin@sullivan.com,Port Johnfurt,Saskatchewan,Low,2024-09-08
32,Richard Young,tammie88@yahoo.com,West Lindseytown,Yukon Territory,High,2024-10-26
33,Charles Patterson,clayton85@anderson.biz,Ramirezmouth,Manitoba,High,2021-02-12
34,Crystal Wright,margaret84@werner.com,East Matthew,Quebec,Medium,2024-01-27
35,Kelly Reed,megansmith@velasquez-young.com,Hendersonchester,Northwest Territories,Low,2025-07-08
36,Nicole Ingram,taylor00@yahoo.com,South Ashleybury,Nova Scotia,High,2024-02-15
37,Jeffrey Rodriguez,melissalynch@hotmail.com,Kristinbury,Yukon Territory,High,2021-02-04
38,Amanda Adams,william48@mcintyre.info,Lake Karenburgh,New Brunswick,Low,2024-09-22
39,Stephanie Sanchez,josebutler@hotmail.com,Alexatown,Newfoundland and Labrador,High,2023-05-02
40,Linda Durham,cristina97@coleman.com,Mollyland,Prince Edward Island,High,2024-02-14
41,Gabriela Rose,hbautista@sullivan.net,Denisehaven,Ontario,Low,2022-03-05
42,Ariel Davis,maymark@flowers.com,New Shannontown,Northwest Territories,Medium,2020-11-12
43,Cindy Shaffer,samanthawilliams@hotmail.com,Collinston,Quebec,High,2025-06-06
44,Sharon Cooper,stonejohn@parsons.com,North Meganside,Prince Edward Island,Low,2023-07-01
45,Lorraine Reynolds,nbryant@bailey.com,Kellyville,Alberta,High,2021-08-28
46,Ian Garner,adamseric@morgan.net,Craigtown,Nova Scotia,Medium,2023-03-28
47,Christopher Trevino,bjackson@porter.info,Torresview,Newfoundland and Labrador,Medium,2021-10-10
48,Troy Dominguez,john22@hotmail.com,Brownchester,Northwest Territories,Medium,2020-12-24
49,Marcia Norman,gonzalezkristopher@bryan-beltran.com,Wendyside,Nova Scotia,Medium,2024-02-04
50,Timothy Banks,jonathan51@dean-diaz.com,Colonchester,Quebec,Low,2022-12-15
51,Timothy Lawson,james20@yahoo.com,Willisberg,New Brunswick,High,2023-10-02
52,Jacob Conrad,markramos@yahoo.com,Lake Julieburgh,Saskatchewan,Low,2025-04-28
53,Jared Green,hdavis@yahoo.com,Goldenton,Alberta,Medium,2023-02-13
54,Jamie Jenkins,ericmathis@watson-carter.org,Schroederton,New Brunswick,High,2025-06-15
55,Karen Myers,wilsondwayne@martinez.com,North Kimberlyborough,Manitoba,High,2023-03-24
56,Louis Daniel,shane15@gmail.com,Lake Kevin,Saskatchewan,Low,2023-12-22
57,Victoria Fox,sonia22@yahoo.com,North Lisahaven,Northwest Territories,High,2023-08-18
58,Bryce Miller,gstone@hotmail.com,Derekfurt,Newfoundland and Labrador,Low,2024-08-28
59,Jamie Russell,heathermoreno@bowers.com,Jenniferfort,Alberta,Low,2021-01-25
60,Rodney Harvey,cruzwilliam@scott.com,Lake Cherylmouth,Quebec,Medium,2023-06-20
61,Xavier Pollard,ufernandez@hotmail.com,East Jessica,Yukon Territory,Low,2022-11-16
62,Steven Schmidt,bsmith@smith.org,Hendersonland,Nunavut,High,2022-07-23
63,Amanda Burton,clarkcatherine@yahoo.com,East Deborahville,Northwest Territories,Medium,2021-06-04
64,Vanessa Miller,mdalton@newman-webster.com,Eileenmouth,Alberta,High,2021-01-30
65,Kimberly Wallace,rlane@dixon-cox.net,Haleyshire,Newfoundland and Labrador,Medium,2024-09-14
66,Jorge Henry,teresa22@gmail.com,Robertport,Nunavut,Low,2024-11-01
67,Debra Davis,cgoodman@frank.com,North Cody,Yukon Territory,Low,2023-12-09
68,Michelle Wyatt,brookefrost@hotmail.com,Port Olivia,Northwest Territories,Low,2023-08-26
69,Jose Curtis,bmichael@gonzalez.com,West April,Nova Scotia,High,2021-11-30
70,Randy Gordon,matthewdavis@wilson.com,Charlesbury,Alberta,Medium,2024-12-22
71,Elizabeth Golden,sgreen@buckley.net,South Marialand,Yukon Territory,Low,2022-04-14
72,Kenneth Hughes,wvillanueva@lamb.com,East Sarah,Saskatchewan,Low,2020-09-04
73,Desiree Harris,paul73@hodges.biz,Andersonmouth,Manitoba,High,2021-09-26
74,Jesse Cooper II,alicia74@krause.biz,West Randallfurt,Nova Scotia,Low,2022-06-22
75,Tyler Boone,brandigraham@villarreal-bryant.biz,South Susan,British Columbia,Low,2021-02-24
76,Nathan Delgado,halecarlos@green.org,North Karenmouth,Prince Edward Island,Low,2020-10-26
77,Charles Griffin,ealexander@griffin.com,Alexandratown,Yukon Territory,Medium,2022-04-25
78,Melissa Mejia,michaelmartin@williams.com,West Melissafurt,Northwest Territories,Low,2021-02-10
79,Michael Russo,fdrake@gmail.com,Port John,Alberta,High,2021-11-07
80,Raymond Owens,mary69@gmail.com,Proctormouth,Quebec,Low,2025-07-05
81,Justin Howard,dodsonwendy@hotmail.com,Westside,Yukon Territory,High,2022-08-31
82,Rebecca Dickson,qburke@yahoo.com,Staceyport,Nova Scotia,Medium,2023-09-21
83,Dawn Chavez,wallacedanny@yahoo.com,Victorborough,Prince Edward Island,Medium,2025-04-18
84,Michael Anthony,meghan47@chavez.com,Garciashire,Northwest Territories,Low,2021-08-02
85,Deanna Grant,steelekyle@chan.info,Johnchester,Yukon Territory,Medium,2020-09-07
86,Dustin Parker,amber58@hotmail.com,Whiteport,Prince Edward Island,Medium,2025-01-26
87,Michael Woodward,cooperbrittany@johnson.net,Lorichester,New Brunswick,High,2021-01-28
88,Jamie Gibbs,sherry95@hotmail.com,South Jacksonport,Nova Scotia,Low,2020-08-22
89,Melissa Owen,beardstephanie@gmail.com,Ramirezburgh,Yukon Territory,Low,2020-12-25
90,Mary Higgins,williamsteresa@yahoo.com,Brianstad,New Brunswick,Medium,2021-07-19
91,Jonathan Taylor,robertotucker@gmail.com,Ellisshire,Manitoba,Low,2020-11-06
92,Ryan Norris,hopkinsjeffrey@mccullough-rich.biz,Anthonyside,New Brunswick,Medium,2021-08-31
93,Scott Phillips,john98@hotmail.com,Lake Jonathan,Prince Edward Island,Low,2023-05-03
94,Kenneth Ibarra,williamsjeremy@johnson.info,Debraberg,Nunavut,Medium,2021-11-06
95,Danielle Ryan,david74@gmail.com,South Stephanie,Nunavut,Low,2022-10-24
96,Veronica Peters,rbray@spencer-williams.net,New Brian,British Columbia,High,2021-06-18
97,Robin Williams,jose43@hotmail.com,Fernandezton,Nunavut,Medium,2023-08-14
98,Kathy Martinez,teresa21@hotmail.com,North Kimberlyside,Ontario,Medium,2024-05-22
99,Paul Herman,mitchellmelissa@hall-taylor.net,New Jessicafort,Nova Scotia,Medium,2022-08-29
100,Wanda Henderson,michaelromero@mack-moore.biz,Lake Laurenhaven,Ontario,Medium,2021-05-03
